{
  "dataset": "QUICKMART_final_data.csv",
  "forecast_month": "2026-04-01",
  "forecast_month_label": "April 2026",
  "grain": "Date x STORE_NAME_CLEAN x ITEM_NAME",
  "train_rows": 733590,
  "validation_rows": 146718,
  "sales_validation_metrics": {
    "rmse": 11132.054234115003,
    "mae": 949.9401210010999,
    "r2": 0.5241341982143447
  },
  "quantity_validation_metrics": {
    "rmse": 32.843418671740174,
    "mae": 4.610164000157216,
    "r2": 0.8335542990363265
  }
}